{
  "drive": {
    "p": 0.00025,
    "i": 0,
    "d": 0,
    "f": 0,
    "iz": 0
  },
  "angle": {
    "p": 0.00405,
    "i": 0.00000125,
    "d": 0.00001,
    "f": 0,
    "iz": 0
  }
}